{"cameraMode":{"drawMode":0,"name":"Shaded","section":"Shading Mode"},"sceneLighting":true,"audioPlay":false,"sceneViewState":{"showFog":true,"showMaterialUpdate":true,"showSkybox":true,"showFlares":true,"showImageEffects":true,"showParticleSystems":true},"in2DMode":false,"pivot":{"x":175.38072204589845,"y":204.4022979736328,"z":259.9931640625},"rotation":{"x":-0.24578675627708436,"y":0.3628233075141907,"z":-0.099828340113163,"w":-0.893300473690033},"size":7.993556022644043,"orthographic":true}