{"cameraMode":{"drawMode":0,"name":"Shaded","section":"Shading Mode"},"sceneLighting":false,"audioPlay":false,"sceneViewState":{"showFog":true,"showMaterialUpdate":true,"showSkybox":true,"showFlares":true,"showImageEffects":true,"showParticleSystems":true},"in2DMode":false,"pivot":{"x":2.384185791015625e-7,"y":0.2614169120788574,"z":1.1920928955078126e-7},"rotation":{"x":0.09875044226646424,"y":-0.5642481446266174,"z":0.06821434944868088,"w":0.8168411254882813},"size":3.5213069915771486,"orthographic":false}