{"cameraMode":{"drawMode":0,"name":"Shaded","section":"Shading Mode"},"sceneLighting":false,"audioPlay":false,"sceneViewState":{"showFog":true,"showMaterialUpdate":true,"showSkybox":true,"showFlares":true,"showImageEffects":true,"showParticleSystems":true},"in2DMode":false,"pivot":{"x":-0.12727618217468263,"y":0.7549489736557007,"z":1.6105995178222657},"rotation":{"x":0.04184653237462044,"y":-0.8287041187286377,"z":0.06252776086330414,"w":0.5546146631240845},"size":3.3338406085968019,"orthographic":false}