{"cameraMode":{"drawMode":0,"name":"Shaded","section":"Shading Mode"},"sceneLighting":false,"audioPlay":false,"sceneViewState":{"showFog":true,"showMaterialUpdate":true,"showSkybox":true,"showFlares":true,"showImageEffects":true,"showParticleSystems":true},"in2DMode":false,"pivot":{"x":-0.0004987716674804688,"y":0.5973215103149414,"z":0.18931254744529725},"rotation":{"x":0.1264415830373764,"y":-0.7273980975151062,"z":0.1393728107213974,"w":0.6599133610725403},"size":3.441147565841675,"orthographic":false}