{"cameraMode":{"drawMode":0,"name":"Shaded","section":"Shading Mode"},"sceneLighting":false,"audioPlay":false,"sceneViewState":{"showFog":true,"showMaterialUpdate":true,"showSkybox":true,"showFlares":true,"showImageEffects":true,"showParticleSystems":true},"in2DMode":false,"pivot":{"x":-0.03375796973705292,"y":1.020507574081421,"z":0.6930253505706787},"rotation":{"x":0.1319561004638672,"y":-0.7147786617279053,"z":0.1402927190065384,"w":0.6723127961158752},"size":3.3930766582489015,"orthographic":false}