{"cameraMode":{"drawMode":0,"name":"Shaded","section":"Shading Mode"},"sceneLighting":false,"audioPlay":false,"sceneViewState":{"showFog":true,"showMaterialUpdate":true,"showSkybox":true,"showFlares":true,"showImageEffects":true,"showParticleSystems":true},"in2DMode":false,"pivot":{"x":-8.344650268554688e-7,"y":1.600000023841858,"z":2.2321972846984865},"rotation":{"x":0.061067722737789157,"y":-0.802297055721283,"z":0.0833355262875557,"w":0.5879188179969788},"size":11.598847389221192,"orthographic":false}