{"cameraMode":{"drawMode":0,"name":"Shaded","section":"Shading Mode"},"sceneLighting":false,"audioPlay":false,"sceneViewState":{"showFog":true,"showMaterialUpdate":true,"showSkybox":true,"showFlares":true,"showImageEffects":true,"showParticleSystems":true},"in2DMode":false,"pivot":{"x":0.01902472972869873,"y":1.0966109037399293,"z":0.019025802612304689},"rotation":{"x":0.08420752733945847,"y":0.007469140458852053,"z":-0.0006313914782367647,"w":0.9964216351509094},"size":6.489436626434326,"orthographic":false}