{"cameraMode":{"drawMode":0,"name":"Shaded","section":"Shading Mode"},"sceneLighting":false,"audioPlay":false,"sceneViewState":{"showFog":true,"showMaterialUpdate":true,"showSkybox":true,"showFlares":true,"showImageEffects":true,"showParticleSystems":true},"in2DMode":false,"pivot":{"x":0.6803136467933655,"y":0.5768990516662598,"z":0.2761862277984619},"rotation":{"x":-0.3313332796096802,"y":-0.022078299894928933,"z":0.00775568000972271,"w":-0.943231999874115},"size":3.7185211181640627,"orthographic":false}