{"cameraMode":{"drawMode":0,"name":"Shaded","section":"Shading Mode"},"sceneLighting":false,"audioPlay":false,"sceneViewState":{"showFog":true,"showMaterialUpdate":true,"showSkybox":true,"showFlares":true,"showImageEffects":true,"showParticleSystems":true},"in2DMode":false,"pivot":{"x":-20.993024826049806,"y":2.761305809020996,"z":-39.896728515625},"rotation":{"x":0.3746241629123688,"y":-0.006395562086254358,"z":0.002584268106147647,"w":0.9271534085273743},"size":27.342601776123048,"orthographic":false}