{"cameraMode":{"drawMode":0,"name":"Shaded","section":"Shading Mode"},"sceneLighting":false,"audioPlay":false,"sceneViewState":{"showFog":true,"showMaterialUpdate":true,"showSkybox":true,"showFlares":true,"showImageEffects":true,"showParticleSystems":true},"in2DMode":false,"pivot":{"x":-0.053569793701171878,"y":0.9011101722717285,"z":-0.028118610382080079},"rotation":{"x":0.15378399193286897,"y":-0.1534784436225891,"z":0.024187417700886728,"w":0.97581547498703},"size":2.960653781890869,"orthographic":false}