{"cameraMode":{"drawMode":0,"name":"Shaded","section":"Shading Mode"},"sceneLighting":false,"audioPlay":false,"sceneViewState":{"showFog":true,"showMaterialUpdate":true,"showSkybox":true,"showFlares":true,"showImageEffects":true,"showParticleSystems":true},"in2DMode":false,"pivot":{"x":-0.00044155120849609375,"y":1.0254956483840943,"z":-0.0004432201385498047},"rotation":{"x":-0.23449549078941346,"y":-0.1661420464515686,"z":0.04071224480867386,"w":-0.9569488763809204},"size":5.2756571769714359,"orthographic":false}