{"cameraMode":{"drawMode":0,"name":"Shaded","section":"Shading Mode"},"sceneLighting":false,"audioPlay":false,"sceneViewState":{"showFog":true,"showMaterialUpdate":true,"showSkybox":true,"showFlares":true,"showImageEffects":true,"showParticleSystems":true},"in2DMode":false,"pivot":{"x":0.560001015663147,"y":0.8316171765327454,"z":0.22840933501720429},"rotation":{"x":0.12223769724369049,"y":-0.7654590606689453,"z":0.15262596309185029,"w":0.613059937953949},"size":3.1797120571136476,"orthographic":false}