{"cameraMode":{"drawMode":0,"name":"Shaded","section":"Shading Mode"},"sceneLighting":false,"audioPlay":false,"sceneViewState":{"showFog":true,"showMaterialUpdate":true,"showSkybox":true,"showFlares":true,"showImageEffects":true,"showParticleSystems":true},"in2DMode":false,"pivot":{"x":0.652599573135376,"y":1.448581337928772,"z":0.03168244659900665},"rotation":{"x":0.11337026953697205,"y":-0.8312110304832459,"z":0.18396422266960145,"w":0.5122444033622742},"size":3.4385204315185549,"orthographic":false}