{"cameraMode":{"drawMode":0,"name":"Shaded","section":"Shading Mode"},"sceneLighting":false,"audioPlay":false,"sceneViewState":{"showFog":true,"showMaterialUpdate":true,"showSkybox":true,"showFlares":true,"showImageEffects":true,"showParticleSystems":true},"in2DMode":false,"pivot":{"x":1.2293154001235963,"y":1.1889935731887818,"z":0.5075216293334961},"rotation":{"x":0.14306192100048066,"y":-0.10076932609081269,"z":0.014643796719610691,"w":0.984462559223175},"size":5.604393482208252,"orthographic":false}