{"cameraMode":{"drawMode":0,"name":"Shaded","section":"Shading Mode"},"sceneLighting":false,"audioPlay":false,"sceneViewState":{"showFog":true,"showMaterialUpdate":true,"showSkybox":true,"showFlares":true,"showImageEffects":true,"showParticleSystems":true},"in2DMode":false,"pivot":{"x":0.0,"y":-0.07566702365875244,"z":-0.00019228458404541016},"rotation":{"x":0.22879567742347718,"y":-0.1251761019229889,"z":0.029680414125323297,"w":0.964938759803772},"size":4.468437194824219,"orthographic":false}