{"cameraMode":{"drawMode":0,"name":"Shaded","section":"Shading Mode"},"sceneLighting":false,"audioPlay":false,"sceneViewState":{"showFog":true,"showMaterialUpdate":true,"showSkybox":true,"showFlares":true,"showImageEffects":true,"showParticleSystems":true},"in2DMode":false,"pivot":{"x":0.11423540115356446,"y":4.470399856567383,"z":-0.10434603691101074},"rotation":{"x":-0.16024480760097505,"y":0.44167834520339968,"z":-0.08051328361034394,"w":-0.87906813621521},"size":17.943260192871095,"orthographic":false}