{"cameraMode":{"drawMode":0,"name":"Shaded","section":"Shading Mode"},"sceneLighting":false,"audioPlay":false,"sceneViewState":{"showFog":true,"showMaterialUpdate":true,"showSkybox":true,"showFlares":true,"showImageEffects":true,"showParticleSystems":true},"in2DMode":false,"pivot":{"x":0.0,"y":0.05247223377227783,"z":-0.0005270838737487793},"rotation":{"x":0.15378399193286897,"y":-0.1534784436225891,"z":0.024187417700886728,"w":0.97581547498703},"size":5.059728145599365,"orthographic":false}