{"cameraMode":{"drawMode":0,"name":"Shaded","section":"Shading Mode"},"sceneLighting":false,"audioPlay":false,"sceneViewState":{"showFog":true,"showMaterialUpdate":false,"showSkybox":true,"showFlares":true,"showImageEffects":true,"showParticleSystems":true},"in2DMode":false,"pivot":{"x":0.0047054290771484379,"y":0.5444256067276001,"z":0.3021146357059479},"rotation":{"x":0.28309011459350588,"y":0.6743507385253906,"z":-0.3158256411552429,"w":0.6044567227363586},"size":3.761474609375,"orthographic":true}