{"cameraMode":{"drawMode":0,"name":"Shaded","section":"Shading Mode"},"sceneLighting":false,"audioPlay":false,"sceneViewState":{"showFog":true,"showMaterialUpdate":false,"showSkybox":true,"showFlares":true,"showImageEffects":true,"showParticleSystems":true},"in2DMode":false,"pivot":{"x":0.000002384185791015625,"y":2.828721046447754,"z":-0.0000057220458984375},"rotation":{"x":0.02535799890756607,"y":-0.9571744799613953,"z":0.27452489733695986,"w":0.0884115919470787},"size":15.436676979064942,"orthographic":false}