{"cameraMode":{"drawMode":0,"name":"Shaded","section":"Shading Mode"},"sceneLighting":true,"audioPlay":false,"sceneViewState":{"showFog":true,"showMaterialUpdate":false,"showSkybox":true,"showFlares":true,"showImageEffects":true,"showParticleSystems":true},"in2DMode":false,"pivot":{"x":10.100690841674805,"y":-10.633651733398438,"z":8.474963188171387},"rotation":{"x":0.18942278623580934,"y":-0.11868593841791153,"z":0.02307168021798134,"w":0.9744241833686829},"size":0.5448688268661499,"orthographic":true}