{"cameraMode":{"drawMode":0,"name":"Shaded","section":"Shading Mode"},"sceneLighting":false,"audioPlay":false,"sceneViewState":{"showFog":true,"showMaterialUpdate":false,"showSkybox":true,"showFlares":true,"showImageEffects":true,"showParticleSystems":true},"in2DMode":false,"pivot":{"x":22.399999618530275,"y":0.2134310007095337,"z":-22.93000030517578},"rotation":{"x":-0.3031880557537079,"y":-0.19299180805683137,"z":0.06290639936923981,"w":-0.9310973882675171},"size":42.60810852050781,"orthographic":true}