{"cameraMode":{"drawMode":0,"name":"Shaded","section":"Shading Mode"},"sceneLighting":true,"audioPlay":false,"sceneViewState":{"showFog":true,"showMaterialUpdate":false,"showSkybox":true,"showFlares":true,"showImageEffects":true,"showParticleSystems":true},"in2DMode":false,"pivot":{"x":10.298255920410157,"y":7.893467426300049,"z":-11.8571195602417},"rotation":{"x":0.18872329592704774,"y":-0.019148821011185647,"z":0.0036791868042200805,"w":0.9818412065505981},"size":39.328372955322269,"orthographic":false}