{"cameraMode":{"drawMode":0,"name":"Shaded","section":"Shading Mode"},"sceneLighting":false,"audioPlay":false,"sceneViewState":{"showFog":true,"showMaterialUpdate":false,"showSkybox":true,"showFlares":true,"showImageEffects":true,"showParticleSystems":true},"in2DMode":false,"pivot":{"x":0.0,"y":-5.358076572418213,"z":8.689998626708985},"rotation":{"x":0.2127525508403778,"y":0.09363815188407898,"z":-0.020486729219555856,"w":0.9723961353302002},"size":44.790218353271487,"orthographic":false}