{"cameraMode":{"drawMode":0,"name":"Shaded","section":"Shading Mode"},"sceneLighting":false,"audioPlay":false,"sceneViewState":{"showFog":true,"showMaterialUpdate":false,"showSkybox":true,"showFlares":true,"showImageEffects":true,"showParticleSystems":true},"in2DMode":false,"pivot":{"x":-2.6082258224487306,"y":-0.03795576095581055,"z":9.513605117797852},"rotation":{"x":0.2127525508403778,"y":0.09363815188407898,"z":-0.020486729219555856,"w":0.9723961353302002},"size":34.52422332763672,"orthographic":false}