{"cameraMode":{"drawMode":0,"name":"Shaded","section":"Shading Mode"},"sceneLighting":false,"audioPlay":false,"sceneViewState":{"showFog":true,"showMaterialUpdate":false,"showSkybox":true,"showFlares":true,"showImageEffects":true,"showParticleSystems":true},"in2DMode":false,"pivot":{"x":-0.2650558352470398,"y":0.9205486178398132,"z":-0.03234085068106651},"rotation":{"x":0.5372427701950073,"y":0.04044971987605095,"z":-0.025808794423937799,"w":0.8420650362968445},"size":5.738703727722168,"orthographic":false}