{"cameraMode":{"drawMode":0,"name":"Shaded","section":"Shading Mode"},"sceneLighting":false,"audioPlay":false,"sceneViewState":{"showFog":true,"showMaterialUpdate":false,"showSkybox":true,"showFlares":true,"showImageEffects":true,"showParticleSystems":true},"in2DMode":false,"pivot":{"x":-5.31981086730957,"y":4.742950439453125,"z":-0.35118579864501955},"rotation":{"x":0.2127525508403778,"y":0.09363815188407898,"z":-0.020486729219555856,"w":0.9723961353302002},"size":34.97865676879883,"orthographic":false}