{"cameraMode":{"drawMode":0,"name":"Shaded","section":"Shading Mode"},"sceneLighting":false,"audioPlay":false,"sceneViewState":{"showFog":true,"showMaterialUpdate":false,"showSkybox":true,"showFlares":true,"showImageEffects":true,"showParticleSystems":true},"in2DMode":false,"pivot":{"x":0.0,"y":1.2879999876022339,"z":1.5299999713897706},"rotation":{"x":0.2127525508403778,"y":0.09363815188407898,"z":-0.020486729219555856,"w":0.9723961353302002},"size":0.1650000363588333,"orthographic":false}