{"cameraMode":{"drawMode":0,"name":"Shaded","section":"Shading Mode"},"sceneLighting":false,"audioPlay":false,"sceneViewState":{"showFog":true,"showMaterialUpdate":false,"showSkybox":true,"showFlares":true,"showImageEffects":true,"showParticleSystems":true},"in2DMode":false,"pivot":{"x":0.7586321830749512,"y":2.6364493370056154,"z":0.34737610816955569},"rotation":{"x":0.06598223745822907,"y":0.69601970911026,"z":-0.06449420750141144,"w":0.7120704054832459},"size":10.707531929016114,"orthographic":false}