{"cameraMode":{"drawMode":0,"name":"Shaded","section":"Shading Mode"},"sceneLighting":false,"audioPlay":false,"sceneViewState":{"showFog":true,"showMaterialUpdate":false,"showSkybox":true,"showFlares":true,"showImageEffects":true,"showParticleSystems":true},"in2DMode":false,"pivot":{"x":0.0,"y":3.0540246963500978,"z":-0.1393873691558838},"rotation":{"x":0.13442198932170869,"y":0.8518496155738831,"z":-0.26574793457984927,"w":0.4308866560459137},"size":6.746216773986816,"orthographic":true}